{"nVersion":3,"mapCache":[[1158310,{"appid":1158310,"unlocked":15,"total":138,"percentage":10.8695650100708,"all_unlocked":false,"cache_time":1715609136}],[949230,{"appid":949230,"unlocked":17,"total":38,"percentage":44.73684310913086,"all_unlocked":false,"cache_time":1715914918}],[2253720,{"appid":2253720,"unlocked":16,"total":16,"percentage":100,"all_unlocked":true,"cache_time":1722723857}],[352720,{"appid":352720,"unlocked":35,"total":61,"percentage":57.37704849243164,"all_unlocked":false,"cache_time":1716881478}],[529340,{"appid":529340,"unlocked":87,"total":87,"percentage":100,"all_unlocked":true,"cache_time":1731249421,"vetted":true}],[227300,{"appid":227300,"unlocked":45,"total":101,"percentage":44.5544548034668,"all_unlocked":false,"cache_time":1752730075,"vetted":true}],[1384380,{"appid":1384380,"unlocked":1,"total":11,"percentage":9.090909004211426,"all_unlocked":false,"cache_time":1720372744}],[287980,{"appid":287980,"unlocked":72,"total":73,"percentage":98.63013458251953,"all_unlocked":false,"cache_time":1726906412,"vetted":true}],[1248130,{"appid":1248130,"unlocked":3,"total":45,"percentage":6.666666507720947,"all_unlocked":false,"cache_time":1736688685,"vetted":true}],[362620,{"appid":362620,"unlocked":3,"total":15,"percentage":20,"all_unlocked":false,"cache_time":1751200661,"vetted":true}],[246620,{"appid":246620,"unlocked":70,"total":234,"percentage":29.91452980041504,"all_unlocked":false,"cache_time":1730947367,"vetted":true}],[2615630,{"appid":2615630,"unlocked":3,"total":15,"percentage":20,"all_unlocked":false,"cache_time":1730949264,"vetted":true}],[1647250,{"appid":1647250,"unlocked":5,"total":11,"percentage":45.45454406738281,"all_unlocked":false,"cache_time":1731855283,"vetted":true}],[2732020,{"appid":2732020,"unlocked":1,"total":6,"percentage":16.66666603088379,"all_unlocked":false,"cache_time":1731586490,"vetted":true}],[1268590,{"appid":1268590,"unlocked":2,"total":39,"percentage":5.128205299377441,"all_unlocked":false,"cache_time":1731823123,"vetted":true}],[3140130,{"appid":3140130,"unlocked":5,"total":12,"percentage":41.66666793823242,"all_unlocked":false,"cache_time":1732369280,"vetted":false}],[255710,{"appid":255710,"unlocked":113,"total":127,"percentage":88.97637939453125,"all_unlocked":false,"cache_time":1733022131,"vetted":true}],[3012420,{"appid":3012420,"unlocked":5,"total":9,"percentage":55.55555725097656,"all_unlocked":false,"cache_time":1734019795,"vetted":true}],[3223120,{"appid":3223120,"unlocked":13,"total":20,"percentage":65,"all_unlocked":false,"cache_time":1736935581,"vetted":false}],[1293830,{"appid":1293830,"unlocked":57,"total":178,"percentage":32.0224723815918,"all_unlocked":false,"cache_time":1746019841,"vetted":true}],[774171,{"appid":774171,"unlocked":1,"total":39,"percentage":2.5641026496887207,"all_unlocked":false,"cache_time":1737774509,"vetted":true}],[1599600,{"appid":1599600,"unlocked":4,"total":26,"percentage":15.384614944458008,"all_unlocked":false,"cache_time":1737870576,"vetted":true}],[3019370,{"appid":3019370,"unlocked":0,"total":16,"percentage":0,"all_unlocked":false,"cache_time":1742566671,"vetted":true}],[270880,{"appid":270880,"unlocked":30,"total":114,"percentage":26.3157901763916,"all_unlocked":false,"cache_time":1742813005,"vetted":true}],[2967990,{"appid":2967990,"unlocked":9,"total":81,"percentage":11.11111068725586,"all_unlocked":false,"cache_time":1743139979,"vetted":true}],[3419430,{"appid":3419430,"unlocked":7,"total":7,"percentage":100,"all_unlocked":true,"cache_time":1744670446,"vetted":false}],[1144200,{"appid":1144200,"unlocked":0,"total":33,"percentage":0,"all_unlocked":false,"cache_time":1744941975,"vetted":true}],[2774190,{"appid":2774190,"unlocked":0,"total":28,"percentage":0,"all_unlocked":false,"cache_time":1744990371,"vetted":true}],[960090,{"appid":960090,"unlocked":13,"total":151,"percentage":8.609271049499512,"all_unlocked":false,"cache_time":1745890519,"vetted":true}],[606800,{"appid":606800,"unlocked":22,"total":29,"percentage":75.86206817626953,"all_unlocked":false,"cache_time":1745112106,"vetted":true}],[1190970,{"appid":1190970,"unlocked":4,"total":36,"percentage":11.11111068725586,"all_unlocked":false,"cache_time":1752577563,"vetted":true}],[2651570,{"appid":2651570,"unlocked":6,"total":35,"percentage":17.14285659790039,"all_unlocked":false,"cache_time":1748396332,"vetted":true}],[2875140,{"appid":2875140,"unlocked":0,"total":56,"percentage":0,"all_unlocked":false,"cache_time":1748864206,"vetted":true}],[526870,{"appid":526870,"unlocked":0,"total":44,"percentage":0,"all_unlocked":false,"cache_time":1748915052,"vetted":true}],[2797310,{"appid":2797310,"unlocked":0,"total":12,"percentage":0,"all_unlocked":false,"cache_time":1750865469,"vetted":true}],[910880,{"appid":910880,"unlocked":0,"total":42,"percentage":0,"all_unlocked":false,"cache_time":1749169783,"vetted":true}],[2074800,{"appid":2074800,"unlocked":0,"total":57,"percentage":0,"all_unlocked":false,"cache_time":1749528484,"vetted":true}],[860890,{"appid":860890,"unlocked":0,"total":32,"percentage":0,"all_unlocked":false,"cache_time":1749617715,"vetted":true}],[457140,{"appid":457140,"unlocked":46,"total":50,"percentage":92,"all_unlocked":false,"cache_time":1751521097,"vetted":true}],[979120,{"appid":979120,"unlocked":1,"total":26,"percentage":3.846153736114502,"all_unlocked":false,"cache_time":1751525805,"vetted":true}],[2551570,{"appid":2551570,"unlocked":5,"total":31,"percentage":16.129032135009766,"all_unlocked":false,"cache_time":1751541758,"vetted":true}],[1651560,{"appid":1651560,"unlocked":0,"total":22,"percentage":0,"all_unlocked":false,"cache_time":1752802941,"vetted":true}],[673610,{"appid":673610,"unlocked":23,"total":35,"percentage":65.71428680419922,"all_unlocked":false,"cache_time":1756199529,"vetted":true}],[1127500,{"appid":1127500,"unlocked":0,"total":150,"percentage":0,"all_unlocked":false,"cache_time":1762100191,"vetted":true}],[2897240,{"appid":2897240,"unlocked":0,"total":46,"percentage":0,"all_unlocked":false,"cache_time":1762175606,"vetted":true}],[3185000,{"appid":3185000,"unlocked":0,"total":30,"percentage":0,"all_unlocked":false,"cache_time":1762442848,"vetted":true}],[628200,{"appid":628200,"unlocked":0,"total":31,"percentage":0,"all_unlocked":false,"cache_time":1762493716,"vetted":true}],[2532490,{"appid":2532490,"unlocked":0,"total":50,"percentage":0,"all_unlocked":false,"cache_time":1762788349,"vetted":true}]]}