{"nVersion":3,"mapCache":[[1158310,{"appid":1158310,"unlocked":15,"total":138,"percentage":10.8695650100708,"all_unlocked":false,"cache_time":1715609136}],[949230,{"appid":949230,"unlocked":17,"total":38,"percentage":44.73684310913086,"all_unlocked":false,"cache_time":1715914918}],[2253720,{"appid":2253720,"unlocked":16,"total":16,"percentage":100,"all_unlocked":true,"cache_time":1722723857}],[352720,{"appid":352720,"unlocked":35,"total":61,"percentage":57.37704849243164,"all_unlocked":false,"cache_time":1716881478}],[529340,{"appid":529340,"unlocked":87,"total":87,"percentage":100,"all_unlocked":true,"cache_time":1731249421,"vetted":true}],[227300,{"appid":227300,"unlocked":37,"total":87,"percentage":42.52873611450195,"all_unlocked":false,"cache_time":1720336610}],[1384380,{"appid":1384380,"unlocked":1,"total":11,"percentage":9.090909004211426,"all_unlocked":false,"cache_time":1720372744}],[287980,{"appid":287980,"unlocked":72,"total":73,"percentage":98.63013458251953,"all_unlocked":false,"cache_time":1726906412,"vetted":true}],[1248130,{"appid":1248130,"unlocked":3,"total":45,"percentage":6.666666507720947,"all_unlocked":false,"cache_time":1736688685,"vetted":true}],[362620,{"appid":362620,"unlocked":2,"total":15,"percentage":13.333333015441895,"all_unlocked":false,"cache_time":1727250695,"vetted":true}],[246620,{"appid":246620,"unlocked":70,"total":234,"percentage":29.91452980041504,"all_unlocked":false,"cache_time":1730947367,"vetted":true}],[2615630,{"appid":2615630,"unlocked":3,"total":15,"percentage":20,"all_unlocked":false,"cache_time":1730949264,"vetted":true}],[1647250,{"appid":1647250,"unlocked":5,"total":11,"percentage":45.45454406738281,"all_unlocked":false,"cache_time":1731855283,"vetted":true}],[2732020,{"appid":2732020,"unlocked":1,"total":6,"percentage":16.66666603088379,"all_unlocked":false,"cache_time":1731586490,"vetted":true}],[1268590,{"appid":1268590,"unlocked":2,"total":39,"percentage":5.128205299377441,"all_unlocked":false,"cache_time":1731823123,"vetted":true}],[3140130,{"appid":3140130,"unlocked":5,"total":12,"percentage":41.66666793823242,"all_unlocked":false,"cache_time":1732369280,"vetted":false}],[255710,{"appid":255710,"unlocked":113,"total":127,"percentage":88.97637939453125,"all_unlocked":false,"cache_time":1733022131,"vetted":true}],[3012420,{"appid":3012420,"unlocked":5,"total":9,"percentage":55.55555725097656,"all_unlocked":false,"cache_time":1734019795,"vetted":true}],[3223120,{"appid":3223120,"unlocked":13,"total":20,"percentage":65,"all_unlocked":false,"cache_time":1736935581,"vetted":false}],[1293830,{"appid":1293830,"unlocked":48,"total":178,"percentage":26.966291427612305,"all_unlocked":false,"cache_time":1744192137,"vetted":true}],[774171,{"appid":774171,"unlocked":1,"total":39,"percentage":2.5641026496887207,"all_unlocked":false,"cache_time":1737774509,"vetted":true}],[1599600,{"appid":1599600,"unlocked":4,"total":26,"percentage":15.384614944458008,"all_unlocked":false,"cache_time":1737870576,"vetted":true}],[3019370,{"appid":3019370,"unlocked":0,"total":16,"percentage":0,"all_unlocked":false,"cache_time":1742566671,"vetted":true}],[270880,{"appid":270880,"unlocked":30,"total":114,"percentage":26.3157901763916,"all_unlocked":false,"cache_time":1742813005,"vetted":true}],[2967990,{"appid":2967990,"unlocked":9,"total":81,"percentage":11.11111068725586,"all_unlocked":false,"cache_time":1743139979,"vetted":true}],[3419430,{"appid":3419430,"unlocked":6,"total":7,"percentage":85.71428680419922,"all_unlocked":false,"cache_time":1744212249,"vetted":false}]]}