{"nVersion":3,"mapCache":[[1562430,{"appid":1562430,"unlocked":0,"total":60,"percentage":0,"all_unlocked":false,"cache_time":1741957013,"vetted":true}],[1262580,{"appid":1262580,"unlocked":10,"total":57,"percentage":17.543859481811523,"all_unlocked":false,"cache_time":1742007754,"vetted":true}],[2253720,{"appid":2253720,"unlocked":16,"total":16,"percentage":100,"all_unlocked":true,"cache_time":1743348514,"vetted":true}],[646910,{"appid":646910,"unlocked":24,"total":34,"percentage":70.5882339477539,"all_unlocked":false,"cache_time":1744369656,"vetted":true}]]}